year,month,day,hour,minute,Temperature,Precipitation - Tipping Bucket,Precipitation - Weighing,Solar - Incoming,Solar - Outgoing,Wind Speed - Average 4.4,Wind Speed - Gust 4.4,Wind Speed - Average 2.0,Wind Speed - Gust 2.0,Wind Direction,RH,Pressure,Soil Moisture - 5 cm,Soil Moisture - 10 cm,Soil Moisture - 20 cm
2017,   1,   1,   0,   0,   -27.95667,     0.00000,     0.00000,     1.00000,     1.00000,     0.00000,     0.00000,     0.00000,     0.00000,   329.00000,    80.50667,   103.26868, -9999.90039, -9999.90039,     0.28500,     4.11733,   -30.30333
2017,   1,   1,   0,  15,   -27.95667,     0.00000,     0.00000,     1.00000,     1.00000,     0.00000,     0.00000,     0.00000,     0.00000,   329.00000,    80.50667,   103.26868, -9999.90039, -9999.90039,     0.28500,     4.11733,   -30.30333
2017,   1,   1,   0,  30,   -28.27733,     0.00000,     0.00000,     1.00000,     1.00000,     0.00000,     0.00000,     0.00000,     0.00000,   329.00000,    80.54666,   103.25867, -9999.90039, -9999.90039,     0.28500,     4.11667,   -30.61200
2017,   1,   1,   0,  45,   -28.40533,     0.00000,     0.00000,     1.00000,     1.00000,     0.00000,     0.00000,     0.00000,     0.00000,   329.00000,    80.54666,   103.26067, -9999.90039, -9999.90039,     0.28500,     4.11333,   -30.73867
2017,   1,   1,   1,   0,   -28.57334,     0.00000,     0.00000,     1.00000,     1.00000,     0.00000,     0.00000,     0.00000,     0.00000,   329.00000,    80.64666,   103.26268, -9999.90039, -9999.90039,     0.28500,     4.11267,   -30.88934
2017,   1,   1,   1,  15,   -28.26867,     0.00000,     0.00000,     1.00000,     1.00000,     0.00000,     0.00000,     0.00000,     0.06000,   329.00000,    80.78001,   103.24866, -9999.90039, -9999.90039,     0.28500,     4.11133,   -30.57400
2017,   1,   1,   1,  30,   -27.88533,     0.00000,     0.00000,     1.00000,     1.00000,     0.00000,     0.00000,     0.00000,     0.00000,   329.00000,    80.86668,   103.24065, -9999.90039, -9999.90039,     0.28500,     4.10800,   -30.18600
2017,   1,   1,   1,  45,   -27.36600,     0.00000,     0.00000,     1.00000,     1.00000,     0.00000,     0.00000,     0.00000,     0.00000,   329.00000,    80.94667,   103.21932, -9999.90039, -9999.90039,     0.28495,     4.10800,   -29.66733
2017,   1,   1,   2,   0,   -26.39800,     0.00000,     0.00000,     1.00000,     1.00000,     0.00000,     0.00000,     0.00000,     0.00000,   329.00000,    81.17333,   103.18201, -9999.90039, -9999.90039,     0.28500,     4.10800,   -28.69066
2017,   1,   1,   2,  15,   -25.88000,     0.00000,     0.00000,     1.00000,     1.00000,     0.00000,     0.00000,     0.00000,     0.00000,   329.00000,    81.34000,   103.16801, -9999.90039, -9999.90039,     0.28500,     4.10667,   -28.15933
2017,   1,   1,   2,  30,   -24.88867,     0.00000,     0.00000,     1.00000,     1.00000,     0.00000,     0.00000,     0.00000,     0.00000,   329.00000,    81.47334,   103.15667, -9999.90039, -9999.90039,     0.28491,     4.10667,   -27.16800
2017,   1,   1,   2,  45,   -24.48734,     0.00000,     0.00000,     1.00000,     1.00000,     0.00000,     0.00000,     0.00000,     0.00000,   329.00000,    81.58666,   103.13667, -9999.90039, -9999.90039,     0.28495,     4.11133,   -26.76266
2017,   1,   1,   3,   0,   -24.87933,     0.00000,     0.00000,     1.00000,     1.00000,     0.00000,     0.00000,     0.00000,     0.00000,   329.00000,    81.70000,   103.13600, -9999.90039, -9999.90039,     0.28491,     4.11000,   -27.13067
2017,   1,   1,   3,  15,   -25.16800,     0.00000,     0.00000,     1.00000,     1.00000,     0.00000,     0.00000,     0.00000,     0.00000,   329.00000,    81.73335,   103.13133, -9999.90039, -9999.90039,     0.28477,     4.10933,   -27.40933
2017,   1,   1,   3,  30,   -25.75200,     0.00000,     0.00000,     1.00000,     1.00000,     0.00000,     0.00000,     0.00000,     0.00000,   329.00000,    81.64665,   103.12801, -9999.90039, -9999.90039,     0.28491,     4.11200,   -27.99334
2017,   1,   1,   3,  45,   -26.01200,     0.00000,     0.00000,     1.00000,     1.00000,     0.00000,     0.00000,     0.00000,     0.00000,   329.00000,    81.59333,   103.12133, -9999.90039, -9999.90039,     0.28491,     4.11200,   -28.25466
2017,   1,   1,   4,   0,   -26.09267,     0.00000,     0.00000,     1.00000,     1.00000,     0.12000,     0.48000,     0.00000,     0.18000,   329.00000,    81.74667,   103.11866, -9999.90039, -9999.90039,     0.28477,     4.11267,   -28.31333
2017,   1,   1,   4,  15,   -26.51400,     0.00000,     0.00000,     1.00000,     1.00000,     0.00000,     0.00000,     0.00000,     0.00000,   329.00000,    81.70666,   103.10065, -9999.90039, -9999.90039,     0.28486,     4.11267,   -28.73400
2017,   1,   1,   4,  30,   -26.24400,     0.00000,     0.00000,     1.00000,     1.00000,     0.48000,     1.14000,     0.00000,     0.54000,   329.00000,    81.77334,   103.08066, -9999.90039, -9999.90039,     0.28486,     4.11333,   -28.46200
2017,   1,   1,   4,  45,   -26.42800,     0.00000,     0.00000,     1.00000,     1.00000,     0.00000,     0.00000,     0.00000,     0.00000,   329.00000,    81.81334,   103.06866, -9999.90039, -9999.90039,     0.28453,     4.11267,   -28.63533
2017,   1,   1,   5,   0,   -26.49866,     0.00000,     0.00000,     1.00000,     1.00000,     0.00000,     0.00000,     0.00000,     0.00000,   329.00000,    81.84000,   103.05602, -9999.90039, -9999.90039,     0.28449,     4.11333,   -28.70067
2017,   1,   1,   5,  15,   -25.60467,     0.00000,     0.00000,     1.00000,     1.00000,     0.00000,     0.00000,     0.00000,     0.12000,   264.00000,    82.25333,   103.03800, -9999.90039, -9999.90039,     0.28435,     4.11200,   -27.76734
2017,   1,   1,   5,  30,   -22.42800,     0.00000,     0.00000,     1.00000,     1.00000,     0.00000,     0.48000,     0.00000,     0.06000,   243.00000,    83.02666,   102.99800, -9999.90039, -9999.90039,     0.28435,     4.11200,   -24.54867
2017,   1,   1,   5,  45,   -18.02067,     0.00000,     0.00000,     1.00000,     1.00000,     0.78000,     3.90667,     0.24000,     2.16667,   229.00000,    83.76000,   102.92268, -9999.90039, -9999.90039,     0.28439,     4.11200,   -20.12000
2017,   1,   1,   6,   0,   -16.89400,     0.00000,     0.00000,     1.00000,     1.00000,     4.03333,     8.17333,     1.86667,     4.94667,   213.00000,    83.92666,   102.87133, -9999.90039, -9999.90039,     0.28444,     4.11267,   -18.99000
2017,   1,   1,   6,  15,   -17.07867,     0.00000,     0.00000,     1.00000,     1.00000,     2.22000,     6.76000,     0.72000,     3.42000,   219.00000,    84.31334,   102.86667, -9999.90039, -9999.90039,     0.28449,     4.11600,   -19.11667
2017,   1,   1,   6,  30,   -16.79933,     0.00000,     0.00000,     1.00000,     1.00000,     2.40000,     6.83333,     0.84000,     3.84667,   246.00000,    84.74001,   102.85799, -9999.90039, -9999.90039,     0.28444,     4.12067,   -18.78200
2017,   1,   1,   6,  45,   -16.64667,     0.00000,     0.00000,     1.00000,     1.00000,     2.28000,     6.70000,     0.78000,     3.74000,   233.00000,    85.11333,   102.86066, -9999.90039, -9999.90039,     0.28444,     4.12333,   -18.57933
2017,   1,   1,   7,   0,   -16.56667,     0.00000,     0.00000,     1.00000,     1.00000,     4.69333,     9.19333,     2.46000,     5.96667,   225.00000,    85.45999,   102.84464, -9999.90039, -9999.90039,     0.28435,     4.12333,   -18.45200
2017,   1,   1,   7,  15,   -16.35067,     0.00000,     0.00000,     1.00000,     1.00000,     4.94667,     9.86000,     2.64000,     6.65333,   227.00000,    85.87333,   102.83465, -9999.90039, -9999.90039,     0.28430,     4.12733,   -18.18334
2017,   1,   1,   7,  30,   -16.17667,     0.00000,     0.00000,     1.00000,     1.00000,     4.44667,     9.38000,     2.52000,     6.76667,   230.00000,    86.26002,   102.83332, -9999.90039, -9999.90039,     0.28430,     4.13133,   -17.95933
2017,   1,   1,   7,  45,   -15.99933,     0.00000,     0.00000,     2.40000,     1.86667,     4.68000,     9.63333,     2.28000,     5.97333,   230.00000,    86.41334,   102.82932, -9999.90039, -9999.90039,     0.28430,     4.13333,   -17.76333
2017,   1,   1,   8,   0,   -15.84867,     0.00000,     0.00000,     8.20000,     6.33333,     3.72000,     8.05333,     1.68000,     5.00000,   227.00000,    86.61999,   102.82265, -9999.90039, -9999.90039,     0.28430,     4.14000,   -17.59000
2017,   1,   1,   8,  15,   -15.47667,     0.00000,     0.00000,    47.40000,    25.33333,     3.66000,     8.24667,     1.62000,     5.04667,   236.00000,    86.65333,   102.81466, -9999.90039, -9999.90039,     0.28430,     4.30867,   -17.21800
2017,   1,   1,   8,  30,   -14.93267,     0.00000,     0.00000,    80.13333,    52.13334,     5.36667,     9.58000,     3.36000,     7.00000,   225.00000,    86.42001,   102.80267, -9999.90039, -9999.90039,     0.28430,     4.38200,   -16.71467
2017,   1,   1,   8,  45,   -14.77466,     0.00000,     0.00000,    78.33334,    50.73333,     5.30000,    11.62000,     3.12667,     8.27333,   225.00000,    86.32668,   102.80733, -9999.90039, -9999.90039,     0.28430,     4.38133,   -16.56800
2017,   1,   1,   9,   0,   -14.63400,     0.00000,     0.00000,    78.93333,    60.33333,     3.06667,     7.07333,     1.38000,     5.30667,   227.00000,    86.40002,   102.81201, -9999.90039, -9999.90039,     0.28430,     4.37667,   -16.42067
2017,   1,   1,   9,  15,   -14.45933,     0.00000,     0.00000,    82.13333,    70.80000,     3.24000,     7.99333,     1.92000,     5.73333,   234.00000,    86.30667,   102.81465, -9999.90039, -9999.90039,     0.28430,     4.37800,   -16.26333
2017,   1,   1,   9,  30,   -14.04400,     0.00000,     0.00000,   169.33333,   109.93333,     4.69333,    10.28667,     2.82000,     6.89333,   243.00000,    86.12666,   102.81599, -9999.90039, -9999.90039,     0.28430,     4.39400,   -15.87733
2017,   1,   1,   9,  45,   -13.41600,     0.00000,     0.00000,   267.53333,   183.73334,     5.72000,    11.92667,     3.92000,     9.14667,   234.00000,    85.76668,   102.81332, -9999.90039, -9999.90039,     0.28430,     4.37000,   -15.30667
2017,   1,   1,  10,   0,   -13.16600,     0.00000,     0.00000,   291.00000,   217.20000,     7.49333,    14.81333,     4.81333,    11.24667,   227.00000,    85.06001,   102.81400, -9999.90039, -9999.90039,     0.28430,     4.35467,   -15.15933
2017,   1,   1,  10,  15,   -12.96067,     0.00000,     0.00000,   317.00000,   240.53334,     8.23333,    14.62667,     5.98667,    12.02667,   225.00000,    84.16000,   102.80801, -9999.90039, -9999.90039,     0.28430,     4.37800,   -15.08733
2017,   1,   1,  10,  30,   -12.76667,     0.00000,     0.00000,   335.00000,   259.46667,    10.10000,    17.45333,     7.69333,    14.50000,   225.00000,    83.47334,   102.80933, -9999.90039, -9999.90039,     0.28430,     4.39133,   -14.99533
2017,   1,   1,  10,  45,   -12.50400,     0.00000,     0.00000,   351.53333,   269.39999,     9.74667,    15.46000,     7.08667,    12.45333,   246.00000,    82.96001,   102.79801, -9999.90039, -9999.90039,     0.28430,     4.37467,   -14.81200
2017,   1,   1,  11,   0,   -12.20867,     0.00000,     0.00000,   360.20001,   270.33334,     9.12667,    16.60666,     7.20000,    13.36000,   277.00000,    82.24000,   102.78468, -9999.90039, -9999.90039,     0.28430,     4.36400,   -14.62800
2017,   1,   1,  11,  15,   -12.06200,     0.00000,     0.00000,   388.26666,   283.26666,     8.58667,    15.28667,     6.76667,    13.06000,   236.00000,    82.27333,   102.77068, -9999.90039, -9999.90039,     0.28430,     4.38800,   -14.48000
2017,   1,   1,  11,  30,   -11.69467,     0.00000,     0.00000,   390.00000,   285.26666,     8.34000,    16.20000,     6.34000,    12.64000,   237.00000,    82.50668,   102.74332, -9999.90039, -9999.90039,     0.28430,     4.39600,   -14.08600
2017,   1,   1,  11,  45,   -11.82933,     0.00000,     0.00000,   355.13333,   261.06668,     9.32667,    15.58000,     6.82000,    12.58000,   253.00000,    82.72667,   102.73066, -9999.90039, -9999.90039,     0.28430,     4.34800,   -14.18600
2017,   1,   1,  12,   0,   -11.36867,     0.00000,     0.00000,   399.33334,   298.66666,     9.26000,    16.20000,     6.90000,    12.62667,   226.00000,    83.12666,   102.71665, -9999.90039, -9999.90039,     0.28430,     4.36867,   -13.67467
2017,   1,   1,  12,  15,   -11.78333,     0.00000,     0.00000,   286.66666,   214.39999,     9.13333,    15.65333,     6.71333,    13.12667,   251.00000,    83.70000,   102.70199, -9999.90039, -9999.90039,     0.28430,     4.38333,   -13.99867
2017,   1,   1,  12,  30,   -12.29933,     0.00000,     0.00000,   169.66667,   126.86667,     7.80667,    14.32667,     5.91333,    11.74000,   237.00000,    85.85334,   102.70265, -9999.90039, -9999.90039,     0.28430,     4.38000,   -14.19667
2017,   1,   1,  12,  45,   -11.84800,     0.00000,     0.00000,   311.06668,   237.66667,     6.16000,    13.17333,     4.57333,    10.46000,   223.00000,    87.04666,   102.68668, -9999.90039, -9999.90039,     0.28430,     4.36267,   -13.57933
2017,   1,   1,  13,   0,   -11.72400,     0.00000,     0.00000,   303.60001,   229.73334,    10.47333,    16.86000,     8.34667,    14.02667,   225.00000,    87.44001,   102.66535, -9999.90039, -9999.90039,     0.28430,     4.37733,   -13.40400
2017,   1,   1,  13,  15,   -11.38400,     0.00000,     0.00000,   200.66667,   151.80000,     5.98667,    11.30667,     4.51333,     9.01333,   271.00000,    88.16000,   102.65601, -9999.90039, -9999.90039,     0.28430,     4.38867,   -12.96867
2017,   1,   1,  13,  30,   -10.21933,     0.00000,     0.00000,   401.20001,   322.13333,    10.40666,    18.20000,     8.41333,    14.81333,   267.00000,    88.63332,   102.64201, -9999.90039, -9999.90039,     0.28430,     4.36467,   -11.75067
2017,   1,   1,  13,  45,    -9.68333,     0.00000,     0.00000,   394.46667,   330.53333,     7.49333,    14.44667,     5.96667,    12.03333,   277.00000,    88.92667,   102.62666, -9999.90039, -9999.90039,     0.28430,     4.36533,   -11.18133
2017,   1,   1,  14,   0,    -9.69067,     0.00000,     0.00000,   362.53333,   311.46667,     9.92000,    19.42000,     8.06000,    15.96000,   272.00000,    88.95999,   102.63200, -9999.90039, -9999.90039,     0.28430,     4.37600,   -11.18400
2017,   1,   1,  14,  15,    -9.89933,     0.00000,     0.00000,   331.33334,   285.46667,    10.23333,    18.07333,     8.28667,    15.58667,   288.00000,    89.02000,   102.63667, -9999.90039, -9999.90039,     0.28430,     4.35800,   -11.38133
2017,   1,   1,  14,  30,   -10.06067,     0.00000,     0.00000,   267.86667,   227.93333,     9.36667,    17.34000,     7.44000,    14.14667,   267.00000,    89.02666,   102.63867, -9999.90039, -9999.90039,     0.28430,     4.35533,   -11.53867
2017,   1,   1,  14,  45,     0.89933,     0.40000,     0.00000,   247.26666,   212.80000,     5.25333,     9.25333,     3.36000,     6.82667,   225.00000,    69.45334,   102.28002, -9999.90039, -9999.90039,     0.30680,     4.39200,    -4.05333
2017,   1,   1,  15,   0,     1.03133,     0.20000,     0.00000,   216.20000,   183.33333,     4.86667,     8.72000,     2.94000,     6.39333,   225.00000,    69.00668,   102.31465, -9999.90039, -9999.90039,     0.30680,     4.38467,    -4.01133
2017,   1,   1,  15,  15,     0.81533,     0.40000,     0.00000,   184.66667,   148.73334,     7.12667,    10.84000,     4.99333,     8.42667,   209.00000,    69.08000,   102.32732, -9999.90039, -9999.90039,     0.30680,     4.36533,    -4.20733
2017,   1,   1,  15,  30,     0.99333,     0.20000,     0.00000,   153.00000,   113.73333,     4.03333,     6.89333,     2.52000,     5.49333,   204.00000,    68.63333,   102.32199, -9999.90039, -9999.90039,     0.30671,     4.38867,    -4.12200
2017,   1,   1,  15,  45,     0.82533,     0.00000,     0.00000,   109.66666,    66.80000,     4.46000,     7.98000,     2.94000,     6.34667,   208.00000,    68.48667,   102.34532, -9999.90039, -9999.90039,     0.30638,     4.38867,    -4.31133
2017,   1,   1,  16,   0,     0.19400,     0.20000,     0.00000,    44.66667,    32.86666,     2.40000,     5.98667,     1.38000,     3.84667,   206.00000,    69.27333,   102.36533, -9999.90039, -9999.90039,     0.30633,     4.36533,    -4.76733
2017,   1,   1,  16,  15,    -0.40467,     0.00000,     0.00000,    25.13333,    18.73333,     0.78000,     2.46000,     0.18000,     1.38000,   167.00000,    70.74000,   102.37600, -9999.90039, -9999.90039,     0.30657,     4.37133,    -5.06467
2017,   1,   1,  16,  30,    -1.20000,     0.00000,     0.00000,    12.66667,     9.80000,     0.36000,     1.44000,     0.00000,     0.42000,   166.00000,    72.56667,   102.40068, -9999.90039, -9999.90039,     0.30633,     4.34667,    -5.49867
2017,   1,   1,  16,  45,    -1.88667,     0.00000,     0.00000,     5.86667,     4.33333,     0.00000,     0.18000,     0.00000,     0.00000,   180.00000,    73.92666,   102.42068, -9999.90039, -9999.90039,     0.30624,     4.32800,    -5.91733
2017,   1,   1,  17,   0,    -2.19933,     0.00000,     0.00000,     1.33333,     1.13333,     0.18000,     0.90000,     0.00000,     0.18000,   180.00000,    75.42000,   102.45467, -9999.90039, -9999.90039,     0.30610,     4.31667,    -5.95933
2017,   1,   1,  17,  15,    -2.50333,     0.00000,     0.00000,     1.00000,     1.00000,     0.60000,     2.46000,     0.00000,     0.66000,   180.00000,    76.53333,   102.47799, -9999.90039, -9999.90039,     0.30615,     4.30667,    -6.06200
2017,   1,   1,  17,  30,    -2.57533,     0.00000,     0.00000,     1.00000,     1.00000,     1.20000,     3.96667,     0.18000,     1.56000,   181.00000,    77.52000,   102.50801, -9999.90039, -9999.90039,     0.30610,     4.29667,    -5.96533
2017,   1,   1,  17,  45,    -2.27067,     0.00000,     0.00000,     1.00000,     1.00000,     3.36667,     6.52000,     1.44000,     4.33333,   167.00000,    78.22667,   102.52001, -9999.90039, -9999.90039,     0.30615,     4.29133,    -5.54733
2017,   1,   1,  18,   0,    -1.91000,     0.00000,     0.00000,     1.00000,     1.00000,     3.00000,     6.32667,     1.44000,     4.39333,   187.00000,    79.22000,   102.52735, -9999.90039, -9999.90039,     0.30610,     4.28533,    -5.03067
2017,   1,   1,  18,  15,    -2.17867,     0.00000,     0.00000,     1.00000,     1.00000,     2.34000,     5.48667,     0.60000,     2.76000,   184.00000,    80.58667,   102.54001, -9999.90039, -9999.90039,     0.30599,     4.28133,    -5.06733
2017,   1,   1,  18,  30,    -2.28533,     0.00000,     0.00000,     1.00000,     1.00000,     1.86000,     4.64667,     0.54000,     2.34000,   174.00000,    82.19334,   102.55469, -9999.90039, -9999.90039,     0.30610,     4.27533,    -4.91200
2017,   1,   1,  18,  45,    -2.47800,     0.00000,     0.00000,     1.00000,     1.00000,     1.86000,     4.57333,     0.24000,     2.10000,   191.00000,    83.64666,   102.56599, -9999.90039, -9999.90039,     0.30599,     4.27267,    -4.86800
2017,   1,   1,  19,   0,    -2.72133,     0.00000,     0.00000,     1.00000,     1.00000,     2.76000,     5.04000,     0.72000,     2.34000,   211.00000,    85.00667,   102.57600, -9999.90039, -9999.90039,     0.30610,     4.27400,    -4.89667
2017,   1,   1,  19,  15,    -3.16533,     0.00000,     0.00000,     1.00000,     1.00000,     0.18000,     1.02000,     0.06000,     0.36000,   184.00000,    86.08000,   102.58465, -9999.90039, -9999.90039,     0.30594,     4.26667,    -5.16667
2017,   1,   1,  19,  30,    -4.28000,     0.00000,     0.00000,     1.00000,     1.00000,     0.00000,     0.00000,     0.00000,     0.00000,   147.00000,    86.56667,   102.59199, -9999.90039, -9999.90039,     0.30599,     4.26600,    -6.19067
2017,   1,   1,  19,  45,    -4.95267,     0.00000,     0.00000,     1.00000,     1.00000,     0.00000,     0.00000,     0.00000,     0.00000,   147.00000,    87.20667,   102.61934, -9999.90039, -9999.90039,     0.30557,     4.26333,    -6.76067
2017,   1,   1,  20,   0,    -5.64467,     0.00000,     0.00000,     1.00000,     1.00000,     0.00000,     0.00000,     0.00000,     0.00000,   147.00000,    87.82666,   102.64935, -9999.90039, -9999.90039,     0.30535,     4.26067,    -7.34867
2017,   1,   1,  20,  15,    -5.96000,     0.00000,     0.00000,     1.00000,     1.00000,     0.00000,     0.00000,     0.00000,     0.00000,   147.00000,    88.46668,   102.67868, -9999.90039, -9999.90039,     0.30530,     4.25667,    -7.56533
2017,   1,   1,  20,  30,    -5.62467,     0.00000,     0.00000,     1.00000,     1.00000,     0.06000,     0.24000,     0.00000,     0.12000,   147.00000,    89.18001,   102.67402, -9999.90039, -9999.90039,     0.30530,     4.25333,    -7.13267
2017,   1,   1,  20,  45,    -5.15067,     0.00000,     0.00000,     1.00000,     1.00000,     0.00000,     0.30000,     0.00000,     0.06000,   205.00000,    89.79334,   102.68067, -9999.90039, -9999.90039,     0.30530,     4.24933,    -6.57467
2017,   1,   1,  21,   0,    -5.13867,     0.00000,     0.00000,     1.00000,     1.00000,     0.24000,     1.02000,     0.00000,     0.06000,   202.00000,    90.22000,   102.70332, -9999.90039, -9999.90039,     0.30530,     4.24933,    -6.49800
2017,   1,   1,  21,  15,    -5.90467,     0.00000,     0.00000,     1.00000,     1.00000,     0.00000,     0.00000,     0.00000,     0.00000,   271.00000,    90.61333,   102.70532, -9999.90039, -9999.90039,     0.30530,     4.24667,    -7.20067
2017,   1,   1,  21,  30,    -6.31400,     0.00000,     0.00000,     1.00000,     1.00000,     0.00000,     0.00000,     0.00000,     0.00000,   271.00000,    90.96666,   102.71532, -9999.90039, -9999.90039,     0.30530,     4.24600,    -7.55867
2017,   1,   1,  21,  45,    -6.90733,     0.00000,     0.00000,     1.00000,     1.00000,     0.00000,     0.00000,     0.00000,     0.00000,   271.00000,    91.22666,   102.72465, -9999.90039, -9999.90039,     0.30530,     4.24600,    -8.11000
2017,   1,   1,  22,   0,    -7.19600,     0.00000,     0.00000,     1.00000,     1.00000,     0.00000,     0.00000,     0.00000,     0.00000,   271.00000,    91.62000,   102.71732, -9999.90039, -9999.90039,     0.30530,     4.24400,    -8.33867
2017,   1,   1,  22,  15,    -7.25867,     0.00000,     0.00000,     1.00000,     1.00000,     0.00000,     0.00000,     0.00000,     0.00000,   271.00000,    91.74001,   102.71132, -9999.90039, -9999.90039,     0.30530,     4.24000,    -8.38533
2017,   1,   1,  22,  30,    -7.34133,     0.00000,     0.00000,     1.00000,     1.00000,     0.00000,     0.00000,     0.00000,     0.00000,   271.00000,    91.95334,   102.68602, -9999.90039, -9999.90039,     0.30530,     4.23733,    -8.43667
2017,   1,   1,  22,  45,    -7.30733,     0.00000,     0.00000,     1.00000,     1.00000,     0.00000,     0.00000,     0.00000,     0.00000,   329.00000,    92.16000,   102.67667, -9999.90039, -9999.90039,     0.30530,     4.23600,    -8.37400
2017,   1,   1,  23,   0,    -7.69600,     0.00000,     0.00000,     1.00000,     1.00000,     0.00000,     0.00000,     0.00000,     0.12000,   329.00000,    92.21999,   102.67935, -9999.90039, -9999.90039,     0.30530,     4.23267,    -8.75200
2017,   1,   1,  23,  15,    -7.98200,     0.00000,     0.00000,     1.00000,     1.00000,     0.00000,     0.00000,     0.00000,     0.00000,   329.00000,    92.37332,   102.65334, -9999.90039, -9999.90039,     0.30530,     4.22867,    -9.01467
2017,   1,   1,  23,  30,    -8.08133,     0.00000,     0.00000,     1.00000,     1.00000,     0.00000,     0.00000,     0.00000,     0.00000,   329.00000,    92.43334,   102.63934, -9999.90039, -9999.90039,     0.30530,     4.23000,    -9.10533
2017,   1,   1,  23,  45,    -8.01333,     0.00000,     0.00000,     1.00000,     1.00000,     0.00000,     0.18000,     0.00000,     0.00000,   329.00000,    92.57999,   102.64201, -9999.90039, -9999.90039,     0.30530,     4.22400,    -9.01800
2017,   1,   2,   0,   0,    -6.25200,     0.00000,     0.00000,     1.00000,     1.00000,     0.24000,     0.84000,     0.00000,     0.06000,   354.00000,    92.88668,   102.66268, -9999.90039, -9999.90039,     0.30525,     4.22067,    -7.22667
2017,   1,   2,   0,  15,    -6.69267,     0.00000,     0.00000,     1.00000,     1.00000,     0.00000,     0.00000,     0.00000,     0.00000,   348.00000,    92.78001,   102.68599, -9999.90039, -9999.90039,     0.30525,     4.21867,    -7.67733
2017,   1,   2,   0,  30,    -6.76067,     0.00000,     0.00000,     1.00000,     1.00000,     0.00000,     0.00000,     0.00000,     0.00000,   348.00000,    92.94001,   102.70332, -9999.90039, -9999.90039,     0.30530,     4.21667,    -7.72200
2017,   1,   2,   0,  45,    -7.30933,     0.00000,     0.00000,     1.00000,     1.00000,     0.00000,     0.00000,     0.00000,     0.00000,   348.00000,    93.03333,   102.69268, -9999.90039, -9999.90039,     0.30525,     4.21667,    -8.25733
2017,   1,   2,   1,   0,    -7.09733,     0.00000,     0.00000,     1.00000,     1.00000,     0.00000,     0.00000,     0.00000,     0.00000,   348.00000,    93.15999,   102.67735, -9999.90039, -9999.90039,     0.30507,     4.21733,    -8.02667
2017,   1,   2,   1,  15,    -7.66267,     0.00000,     0.00000,     1.00000,     1.00000,     0.00000,     0.00000,     0.00000,     0.00000,   348.00000,    93.21999,   102.68066, -9999.90039, -9999.90039,     0.30511,     4.21600,    -8.58000
2017,   1,   2,   1,  30,    -8.03533,     0.00000,     0.00000,     1.00000,     1.00000,     0.00000,     0.00000,     0.00000,     0.00000,   348.00000,    93.28667,   102.69798, -9999.90039, -9999.90039,     0.30502,     4.21467,    -8.94133
2017,   1,   2,   1,  45,    -7.98933,     0.00000,     0.00000,     1.00000,     1.00000,     0.00000,     0.00000,     0.00000,     0.00000,   348.00000,    93.33334,   102.68800, -9999.90039, -9999.90039,     0.30502,     4.21467,    -8.89000
2017,   1,   2,   2,   0,    -8.36067,     0.00000,     0.00000,     1.00000,     1.00000,     0.00000,     0.00000,     0.00000,     0.00000,   348.00000,    93.44001,   102.70600, -9999.90039, -9999.90039,     0.30507,     4.21467,    -9.24600
2017,   1,   2,   2,  15,    -8.16333,     0.00000,     0.00000,     1.00000,     1.00000,     0.48000,     0.84000,     0.00000,     0.00000,   348.00000,    93.48000,   102.73399, -9999.90039, -9999.90039,     0.30502,     4.21267,    -9.04333
2017,   1,   2,   2,  30,    -8.16400,     0.00000,     0.00000,     1.00000,     1.00000,     0.00000,     0.12000,     0.00000,     0.00000,   355.00000,    93.48000,   102.70532, -9999.90039, -9999.90039,     0.30460,     4.21067,    -9.04333
2017,   1,   2,   2,  45,    -7.73800,     0.00000,     0.00000,     1.00000,     1.00000,     0.00000,     0.00000,     0.00000,     0.00000,   355.00000,    93.62666,   102.71399, -9999.90039, -9999.90039,     0.30460,     4.21067,    -8.60067
2017,   1,   2,   3,   0,    -7.62467,     0.00000,     0.00000,     1.00000,     1.00000,     0.00000,     0.00000,     0.00000,     0.00000,   355.00000,    93.61999,   102.72865, -9999.90039, -9999.90039,     0.30460,     4.20733,    -8.48933
2017,   1,   2,   3,  15,    -7.67867,     0.00000,     0.00000,     1.00000,     1.00000,     0.00000,     0.00000,     0.00000,     0.00000,   355.00000,    93.69999,   102.72598, -9999.90039, -9999.90039,     0.30460,     4.20600,    -8.53067
2017,   1,   2,   3,  30,    -7.64867,     0.00000,     0.00000,     1.00000,     1.00000,     0.00000,     0.00000,     0.00000,     0.00000,   355.00000,    93.69333,   102.73132, -9999.90039, -9999.90039,     0.30460,     4.20533,    -8.50067
2017,   1,   2,   3,  45,    -7.44067,     0.00000,     0.00000,     1.00000,     1.00000,     0.00000,     0.00000,     0.00000,     0.00000,   355.00000,    93.75999,   102.74133, -9999.90039, -9999.90039,     0.30460,     4.20733,    -8.28467
2017,   1,   2,   4,   0,    -7.25800,     0.00000,     0.00000,     1.00000,     1.00000,     0.00000,     0.00000,     0.00000,     0.00000,   355.00000,    93.80001,   102.76734, -9999.90039, -9999.90039,     0.30460,     4.20467,    -8.10067
2017,   1,   2,   4,  15,    -7.34000,     0.00000,     0.00000,     1.00000,     1.00000,     0.00000,     0.00000,     0.00000,     0.00000,   355.00000,    93.88001,   102.76934, -9999.90039, -9999.90039,     0.30446,     4.20400,    -8.17133
2017,   1,   2,   4,  30,    -7.31333,     0.00000,     0.00000,     1.00000,     1.00000,     0.00000,     0.00000,     0.00000,     0.00000,   355.00000,    93.90002,   102.76868, -9999.90039, -9999.90039,     0.30432,     4.20200,    -8.14133
2017,   1,   2,   4,  45,    -7.19267,     0.00000,     0.00000,     1.00000,     1.00000,     0.00000,     0.00000,     0.00000,     0.00000,   355.00000,    93.92667,   102.76200, -9999.90039, -9999.90039,     0.30427,     4.20133,    -8.01800
2017,   1,   2,   5,   0,    -6.98067,     0.00000,     0.00000,     1.00000,     1.00000,     0.06000,     0.36000,     0.00000,     0.00000,   355.00000,    94.04665,   102.73132, -9999.90039, -9999.90039,     0.30427,     4.20000,    -7.78933
2017,   1,   2,   5,  15,    -6.33867,     0.00000,     0.00000,     1.00000,     1.00000,     0.54000,     1.20000,     0.00000,     0.12000,   347.00000,    94.15333,   102.74000, -9999.90039, -9999.90039,     0.30427,     4.20067,    -7.13667
2017,   1,   2,   5,  30,    -6.83733,     0.00000,     0.00000,     1.00000,     1.00000,     0.00000,     0.18000,     0.00000,     0.00000,     0.00000,    94.16000,   102.72665, -9999.90039, -9999.90039,     0.30418,     4.19933,    -7.63200
2017,   1,   2,   5,  45,    -6.37467,     0.00000,     0.00000,     1.00000,     1.00000,     0.48000,     1.08000,     0.00000,     0.36000,     0.00000,    94.34000,   102.71199, -9999.90039, -9999.90039,     0.30423,     4.19933,    -7.14867
2017,   1,   2,   6,   0,    -5.83800,     0.00000,     0.00000,     1.00000,     1.00000,     0.84000,     1.80000,     0.00000,     0.30000,   333.00000,    94.34667,   102.70666, -9999.90039, -9999.90039,     0.30413,     4.19933,    -6.61400
2017,   1,   2,   6,  15,    -6.87800,     0.00000,     0.00000,     1.00000,     1.00000,     0.00000,     0.00000,     0.00000,     0.00000,   331.00000,    94.36668,   102.71333, -9999.90039, -9999.90039,     0.30418,     4.19667,    -7.64533
2017,   1,   2,   6,  30,    -6.75267,     0.00000,     0.00000,     1.00000,     1.00000,     1.26000,     2.46000,     0.00000,     0.36000,   331.00000,    94.46000,   102.72799, -9999.90039, -9999.90039,     0.30432,     4.19800,    -7.50667
2017,   1,   2,   6,  45,    -6.91600,     0.00000,     0.00000,     1.00000,     1.00000,     0.06000,     0.60000,     0.00000,     0.00000,   354.00000,    94.46001,   102.73466, -9999.90039, -9999.90039,     0.30409,     4.19667,    -7.66733
2017,   1,   2,   7,   0,    -6.85000,     0.00000,     0.00000,     1.00000,     1.00000,     0.06000,     0.30000,     0.00000,     0.00000,   355.00000,    94.43333,   102.73199, -9999.90039, -9999.90039,     0.30409,     4.19600,    -7.60600
2017,   1,   2,   7,  15,    -5.99533,     0.00000,     0.00000,     1.00000,     1.00000,     0.00000,     0.18000,     0.00000,     0.00000,   355.00000,    94.58667,   102.72465, -9999.90039, -9999.90039,     0.30404,     4.19533,    -6.73533
2017,   1,   2,   7,  30,    -4.71667,     0.00000,     0.00000,     1.00000,     1.00000,     0.12000,     1.38000,     0.00000,     0.24000,   355.00000,    94.69333,   102.71400, -9999.90039, -9999.90039,     0.30418,     4.19533,    -5.44600
2017,   1,   2,   7,  45,    -3.97400,     0.00000,     0.00000,     1.20000,     1.06667,     1.14000,     3.30000,     0.12000,     1.32000,    20.00000,    94.80001,   102.70999, -9999.90039, -9999.90039,     0.30432,     4.19400,    -4.69200
2017,   1,   2,   8,   0,    -3.29600,     0.00000,     0.00000,     4.13333,     3.20000,     1.62000,     4.51333,     0.24000,     2.04000,    38.00000,    95.03999,   102.70798, -9999.90039, -9999.90039,     0.30451,     4.19333,    -3.98667
2017,   1,   2,   8,  15,    -3.03867,     0.00000,     0.00000,    16.06667,    12.13333,     0.54000,     2.58000,     0.00000,     0.54000,    63.00000,    95.26668,   102.69532, -9999.90039, -9999.90039,     0.30460,     4.21000,    -3.69800
2017,   1,   2,   8,  30,    -2.63533,     0.00000,     0.00000,    51.53333,    35.53333,     0.90000,     4.08000,     0.00000,     0.96000,    53.00000,    95.42667,   102.69132, -9999.90039, -9999.90039,     0.30460,     4.32867,    -3.27333
2017,   1,   2,   8,  45,    -2.18867,     0.00000,     0.00000,    82.06667,    57.66667,     2.76000,     5.62000,     0.60000,     2.52000,    73.00000,    95.60668,   102.69266, -9999.90039, -9999.90039,     0.30455,     4.38133,    -2.80067
2017,   1,   2,   9,   0,    -1.70533,     0.00000,     0.00000,    87.93333,    69.46667,     1.26000,     3.48667,     0.36000,     1.56000,    67.00000,    95.85335,   102.68269, -9999.90039, -9999.90039,     0.30460,     4.39667,    -2.28600
2017,   1,   2,   9,  15,    -1.25933,     0.00000,     0.00000,    99.86667,    89.06667,     2.22000,     5.30000,     0.24000,     2.58000,    44.00000,    95.84667,   102.68665, -9999.90039, -9999.90039,     0.30460,     4.37800,    -1.84267
2017,   1,   2,   9,  30,    -0.43467,     0.00000,     0.00000,   235.86667,   134.80000,     2.76667,     6.46667,     0.90000,     3.36667,    65.00000,    95.24666,   102.69533, -9999.90039, -9999.90039,     0.30465,     4.37200,    -1.10600
2017,   1,   2,   9,  45,     0.17533,     0.00000,     0.00000,   274.66666,   192.06667,     5.92000,     9.56667,     3.79333,     7.07333,    80.00000,    92.32667,   102.68002, -9999.90039, -9999.90039,     0.30530,     4.39400,    -0.92667
2017,   1,   2,  10,   0,     0.87867,     0.00000,     0.00000,   301.33334,   218.73334,     8.05333,    13.18000,     5.60000,    10.72000,    86.00000,    87.52666,   102.67534, -9999.90039, -9999.90039,     0.30483,     4.39800,    -0.95667
2017,   1,   2,  10,  15,     1.47267,     0.00000,     0.00000,   325.26666,   238.73334,    10.84000,    17.45333,     7.99333,    13.72000,    69.00000,    84.07333,   102.64201, -9999.90039, -9999.90039,     0.30460,     4.37200,    -0.92600
2017,   1,   2,  10,  30,     1.85667,     0.00000,     0.00000,   346.73334,   253.46666,    11.62000,    17.16000,     8.11333,    13.48667,    76.00000,    82.61333,   102.62933, -9999.90039, -9999.90039,     0.30460,     4.36533,    -0.78533
2017,   1,   2,  10,  45,     2.04800,     0.20000,     0.00000,   367.00000,   265.39999,    12.76000,    18.42666,     9.68000,    15.46667,    93.00000,    82.26667,   102.61199, -9999.90039, -9999.90039,     0.30460,     4.39667,    -0.65533
2017,   1,   2,  11,   0,     2.16733,     0.40000,     0.00000,   383.20001,   273.66666,    13.24000,    20.44000,    10.17333,    15.94000,    88.00000,    82.57333,   102.59331, -9999.90039, -9999.90039,     0.30465,     4.37800,    -0.48733
2017,   1,   2,  11,  15,     2.35800,     0.40000,     0.00000,   395.53333,   277.66666,    12.82000,    18.13333,     9.98667,    15.47333,    88.00000,    82.48000,   102.56869, -9999.90039, -9999.90039,     0.30507,     4.35867,    -0.31800
2017,   1,   2,  11,  30,     2.51467,     0.40000,     0.00000,   385.93332,   283.00000,    14.56000,    20.66667,    11.44000,    16.42667,    87.00000,    82.00001,   102.56264, -9999.90039, -9999.90039,     0.30502,     4.39000,    -0.24467
2017,   1,   2,  11,  45,     2.52067,     0.20000,     0.00000,   411.86667,   298.33334,    14.02000,    19.74667,    11.50000,    16.48667,   112.00000,    81.45333,   102.57732, -9999.90039, -9999.90039,     0.30525,     4.38667,    -0.32933
2017,   1,   2,  12,   0,     2.17600,     0.60000,     0.00000,   412.66666,   302.20001,    14.56000,    19.76666,    12.16000,    17.34000,    97.00000,    82.78000,   102.54267, -9999.90039, -9999.90039,     0.30530,     4.37333,    -0.44800
2017,   1,   2,  12,  15,     2.49867,     0.60000,     0.00000,   412.33334,   308.46667,     9.80000,    14.08667,     7.56000,    12.04000,    91.00000,    83.27334,   102.50266, -9999.90039, -9999.90039,     0.30530,     4.36467,    -0.04867
2017,   1,   2,  12,  30,     2.64133,     0.60000,     0.00000,   408.60001,   312.66666,    11.26000,    16.36000,     8.72667,    13.30000,    84.00000,    82.60001,   102.48800, -9999.90039, -9999.90039,     0.30530,     4.38067,    -0.01800
2017,   1,   2,  12,  45,     2.82867,     0.20000,     0.00000,   400.33334,   311.53333,    10.60000,    15.58000,     8.24000,    12.52000,    81.00000,    82.12000,   102.48533, -9999.90039, -9999.90039,     0.30530,     4.38533,     0.08267
2017,   1,   2,  13,   0,     3.14133,     0.20000,     0.00000,   384.93332,   302.73334,     8.10667,    12.52000,     6.22667,    10.47333,    74.00000,    81.08667,   102.49267, -9999.90039, -9999.90039,     0.30530,     4.36733,     0.21533
2017,   1,   2,  13,  15,     3.49067,     0.00000,     0.00000,   376.93332,   298.93332,     8.85333,    13.60000,     6.14667,    10.72000,    73.00000,    79.73335,   102.47266, -9999.90039, -9999.90039,     0.30530,     4.36867,     0.32333
2017,   1,   2,  13,  30,     3.78133,     0.00000,     0.00000,   361.39999,   289.00000,     8.78667,    13.00000,     7.26667,    10.96000,    95.00000,    78.47334,   102.47732, -9999.90039, -9999.90039,     0.30530,     4.38533,     0.38800
2017,   1,   2,  13,  45,     4.17533,     0.00000,     0.00000,   343.53333,   276.79999,     8.12000,    12.10000,     6.08667,     9.76000,   104.00000,    77.38668,   102.46131, -9999.90039, -9999.90039,     0.30535,     4.38733,     0.57667
2017,   1,   2,  14,   0,     4.16000,     0.00000,     0.00000,   312.33334,   253.33333,    10.90000,    15.34000,     8.64667,    12.82000,    83.00000,    76.78666,   102.42268, -9999.90039, -9999.90039,     0.30551,     4.36733,     0.45667
2017,   1,   2,  14,  15,     4.36133,     0.00000,     0.00000,   294.66666,   240.66667,    10.53333,    14.98000,     8.47333,    13.00000,    98.00000,    75.77333,   102.39268, -9999.90039, -9999.90039,     0.30557,     4.36933,     0.46867
2017,   1,   2,  14,  30,     4.39333,     0.00000,     0.00000,   267.39999,   219.46666,    10.90000,    15.82000,     8.90667,    13.36000,    79.00000,    74.48000,   102.35265, -9999.90039, -9999.90039,     0.30589,     4.38400,     0.26133
2017,   1,   2,  14,  45,     4.31467,     0.00000,     0.00000,   222.06667,   180.46666,    12.04000,    17.20000,     9.87333,    14.56000,    91.00000,    73.97334,   102.35065, -9999.90039, -9999.90039,     0.30594,     4.38933,     0.09133
2017,   1,   2,  15,   0,     3.63867,     0.00000,     0.00000,   129.93333,    98.06667,    12.82000,    18.12667,    10.05333,    15.22000,    88.00000,    75.58000,   102.33067, -9999.90039, -9999.90039,     0.30605,     4.36400,    -0.27133
2017,   1,   2,  15,  15,     3.27867,     0.00000,     0.00000,    79.86667,    58.46667,     9.99333,    15.16000,     7.80667,    12.70000,    88.00000,    77.38000,   102.32800, -9999.90039, -9999.90039,     0.30610,     4.37733,    -0.29400
2017,   1,   2,  15,  30,     3.08533,     0.00000,     0.00000,    72.86667,    52.73333,     8.96667,    14.38000,     6.46667,    11.14000,    84.00000,    77.80666,   102.33199, -9999.90039, -9999.90039,     0.30610,     4.37933,    -0.40933
2017,   1,   2,  15,  45,     3.01000,     0.00000,     0.00000,    70.53333,    50.93333,     7.98667,    11.98000,     6.27333,    10.05333,    63.00000,    78.03333,   102.33932, -9999.90039, -9999.90039,     0.30610,     4.36333,    -0.44067
2017,   1,   2,  16,   0,     2.83733,     0.00000,     0.00000,    52.46667,    37.73333,    10.29333,    14.92000,     7.75333,    12.40000,    83.00000,    78.50667,   102.30534, -9999.90039, -9999.90039,     0.30629,     4.37133,    -0.52667
2017,   1,   2,  16,  15,     2.45333,     0.00000,     0.00000,    15.86667,    11.40000,    10.95333,    16.62000,     8.34000,    13.54667,    70.00000,    79.47332,   102.28201, -9999.90039, -9999.90039,     0.30647,     4.33533,    -0.73400
2017,   1,   2,  16,  30,     2.28000,     0.00000,     0.00000,     5.93333,     4.53333,    10.78000,    15.89333,     8.35333,    12.94000,    79.00000,    80.12667,   102.31199, -9999.90039, -9999.90039,     0.30633,     4.32267,    -0.79067
2017,   1,   2,  16,  45,     2.16933,     0.00000,     0.00000,     1.33333,     1.13333,     9.38000,    13.18000,     7.07333,    11.07333,   104.00000,    81.16000,   102.34333, -9999.90039, -9999.90039,     0.30624,     4.31067,    -0.72333
2017,   1,   2,  17,   0,     2.11867,     0.00000,     0.00000,     1.00000,     1.00000,    10.42000,    14.20000,     8.12000,    12.40000,    93.00000,    82.03333,   102.36933, -9999.90039, -9999.90039,     0.30657,     4.30200,    -0.62733
2017,   1,   2,  17,  15,     2.04933,     0.00000,     0.00000,     1.00000,     1.00000,    12.40000,    16.73333,     9.94000,    14.32667,    97.00000,    82.55999,   102.35666, -9999.90039, -9999.90039,     0.30652,     4.29667,    -0.60467
2017,   1,   2,  17,  30,     1.86267,     0.00000,     0.00000,     1.00000,     1.00000,    14.14000,    18.60667,    11.38000,    16.42666,   110.00000,    83.52000,   102.31868, -9999.90039, -9999.90039,     0.30666,     4.29333,    -0.63067
2017,   1,   2,  17,  45,     1.68333,     0.00000,     0.00000,     1.00000,     1.00000,    14.68000,    19.94667,    11.86000,    17.15333,   114.00000,    84.98000,   102.28934, -9999.90039, -9999.90039,     0.30680,     4.28933,    -0.57067
2017,   1,   2,  18,   0,     1.50933,     0.00000,     0.00000,     1.00000,     1.00000,    14.92000,    19.94000,    11.86000,    17.21334,    98.00000,    86.46000,   102.22199, -9999.90039, -9999.90039,     0.30680,     4.28400,    -0.50667
2017,   1,   2,  18,  15,     1.40733,     0.00000,     0.00000,     1.00000,     1.00000,    13.30667,    18.49334,    10.27333,    15.77333,    97.00000,    87.85334,   102.19132, -9999.90039, -9999.90039,     0.30680,     4.28133,    -0.38600
2017,   1,   2,  18,  30,     1.36133,     0.00000,     0.00000,     1.00000,     1.00000,    12.10000,    18.01333,     9.31333,    14.50667,    93.00000,    88.85999,   102.18334, -9999.90039, -9999.90039,     0.30680,     4.27733,    -0.27333
2017,   1,   2,  18,  45,     1.38200,     0.00000,     0.00000,     1.00000,     1.00000,    13.00000,    16.90667,    10.05333,    14.68667,   124.00000,    89.45999,   102.17534, -9999.90039, -9999.90039,     0.30680,     4.27600,    -0.16267
2017,   1,   2,  19,   0,     1.42867,     0.00000,     0.00000,     1.00000,     1.00000,    11.86000,    16.43333,     8.78667,    13.59333,   114.00000,    89.66667,   102.13467, -9999.90039, -9999.90039,     0.30680,     4.27400,    -0.08800
2017,   1,   2,  19,  15,     1.45533,     0.00000,     0.00000,     1.00000,     1.00000,     9.56667,    13.36000,     6.15333,    11.13333,   110.00000,    89.98666,   102.14268, -9999.90039, -9999.90039,     0.30680,     4.27000,    -0.01000
2017,   1,   2,  19,  30,     1.44267,     0.00000,     0.00000,     1.00000,     1.00000,     8.34667,    12.10000,     4.58000,     9.08000,   100.00000,    90.23335,   102.10933, -9999.90039, -9999.90039,     0.30680,     4.26867,     0.01533
2017,   1,   2,  19,  45,     1.36333,     0.00000,     0.00000,     1.00000,     1.00000,     7.26000,    11.20000,     3.19333,     7.62000,    88.00000,    90.82666,   102.09465, -9999.90039, -9999.90039,     0.30680,     4.26800,     0.02800
2017,   1,   2,  20,   0,     1.40200,     0.00000,     0.00000,     1.00000,     1.00000,    10.00000,    14.20000,     6.22000,    11.14000,   101.00000,    91.27334,   102.05134, -9999.90039, -9999.90039,     0.30689,     4.26667,     0.13000
2017,   1,   2,  20,  15,     1.44133,     0.00000,     0.00000,     1.00000,     1.00000,     8.96667,    13.78000,     5.24000,    10.83333,    80.00000,    91.68001,   102.05934, -9999.90039, -9999.90039,     0.30694,     4.26467,     0.23533
2017,   1,   2,  20,  30,     1.22200,     0.00000,     0.00000,     1.00000,     1.00000,     8.24667,    12.28000,     4.08667,     8.90667,    91.00000,    93.06667,   102.03867, -9999.90039, -9999.90039,     0.30708,     4.26400,     0.22467
2017,   1,   2,  20,  45,     1.14667,     0.00000,     0.00000,     1.00000,     1.00000,     7.56667,    10.65333,     3.60667,     7.55333,    86.00000,    94.42667,   102.02668, -9999.90039, -9999.90039,     0.30731,     4.25933,     0.35067
2017,   1,   2,  21,   0,     1.16231,     0.20000,     0.00000,     1.00000,     1.00000,     8.53846,    11.93846,     4.50769,     8.95385, -9999.90039,    95.45386,   102.01000, -9999.90039, -9999.90039,     0.30745,     4.25539,     0.51538
2017,   1,   2,  21,  15,     1.20533,     0.00000,     0.00000,     1.00000,     1.00000,     5.73333,     9.18667,     2.10667,     5.26000,   110.00000,    96.07999,   102.01334, -9999.90039, -9999.90039,     0.30750,     4.25333,     0.64733
2017,   1,   2,  21,  30,     1.27200,     0.00000,     0.20000,     1.00000,     1.00000,     6.76667,    10.00000,     2.34000,     5.66667,    97.00000,    96.57999,   101.99733, -9999.90039, -9999.90039,     0.30750,     4.25067,     0.78667
2017,   1,   2,  21,  45,     1.29400,     0.00000,     0.00000,     1.00000,     1.00000,     5.73333,     9.63333,     1.50000,     5.13333,   100.00000,    96.94666,   101.96665, -9999.90039, -9999.90039,     0.30750,     4.24933,     0.86000
2017,   1,   2,  22,   0,     1.24733,     0.00000,     0.00000,     1.00000,     1.00000,     6.96667,    10.53333,     1.92000,     5.80667,    81.00000,    97.22000,   101.94267, -9999.90039, -9999.90039,     0.30750,     4.25267,     0.85400
2017,   1,   2,  22,  15,     1.24133,     0.20000,     0.00000,     1.00000,     1.00000,     8.24000,    12.94000,     3.42000,     9.02000,    87.00000,    97.48000,   101.91668, -9999.90039, -9999.90039,     0.30750,     4.24933,     0.88600
2017,   1,   2,  22,  30,     1.31533,     0.00000,     0.20000,     1.00000,     1.00000,     5.36667,     9.08000,     0.90000,     4.04000,    87.00000,    97.72668,   101.93135, -9999.90039, -9999.90039,     0.30750,     4.24867,     0.99200
2017,   1,   2,  22,  45,     1.33600,     0.40000,     0.40000,     1.00000,     1.00000,     2.22667,     5.61333,     0.30000,     1.99333,    67.00000,    97.82668,   101.93001, -9999.90039, -9999.90039,     0.30750,     4.24800,     1.02667
2017,   1,   2,  23,   0,     1.31867,     0.00000,     0.00000,     1.00000,     1.00000,     3.12667,     5.98000,     0.30000,     1.32000,    53.00000,    97.94001,   101.90401, -9999.90039, -9999.90039,     0.30750,     4.24733,     1.02667
2017,   1,   2,  23,  15,     1.35133,     0.20000,     0.20000,     1.00000,     1.00000,     5.84667,     9.20667,     1.32000,     4.52000,    87.00000,    98.09998,   101.87866, -9999.90039, -9999.90039,     0.30750,     4.24600,     1.08133
2017,   1,   2,  23,  30,     1.36867,     0.00000,     0.00000,     1.00000,     1.00000,     6.84000,     9.75333,     2.58000,     5.55333,    67.00000,    98.27334,   101.85332, -9999.90039, -9999.90039,     0.30755,     4.24667,     1.12267
2017,   1,   2,  23,  45,     1.41733,     0.00000,     0.00000,     1.00000,     1.00000,     6.53333,     9.81333,     2.28000,     6.16000,   115.00000,    98.42667,   101.83999, -9999.90039, -9999.90039,     0.30764,     4.24467,     1.19467
2017,   1,   3,   0,   0,     1.46667,     0.20000,     0.20000,     1.00000,     1.00000,     4.03333,     6.53333,     0.66000,     2.46667,    83.00000,    98.52000,   101.82333, -9999.90039, -9999.90039,     0.30806,     4.24333,     1.25867
2017,   1,   3,   0,  15,     1.44067,     0.00000,     0.00000,     1.00000,     1.00000,     2.28000,     5.17333,     0.00000,     0.36000,    88.00000,    98.57999,   101.80934, -9999.90039, -9999.90039,     0.30825,     4.24200,     1.23867
2017,   1,   3,   0,  30,     1.42533,     0.40000,     0.40000,     1.00000,     1.00000,     3.06000,     5.47333,     0.06000,     0.60000,    72.00000,    98.67332,   101.80734, -9999.90039, -9999.90039,     0.30889,     4.24133,     1.23467
2017,   1,   3,   0,  45,     1.46067,     0.20000,     0.20000,     1.00000,     1.00000,     4.86667,     7.93333,     0.42000,     2.82667,    81.00000,    98.73335,   101.78602, -9999.90039, -9999.90039,     0.30937,     4.23933,     1.28000
2017,   1,   3,   1,   0,     1.46667,     0.40000,     0.40000,     1.00000,     1.00000,     2.52667,     5.78667,     0.24000,     1.38667,    81.00000,    98.80667,   101.78135, -9999.90039, -9999.90039,     0.31021,     4.23800,     1.29467
2017,   1,   3,   1,  15,     1.37733,     0.40000,     0.60000,     1.00000,     1.00000,     1.92000,     3.96667,     0.00000,     0.06000,    42.00000,    98.82001,   101.77934, -9999.90039, -9999.90039,     0.31123,     4.23533,     1.20867
2017,   1,   3,   1,  30,     1.41200,     0.60000,     0.80000,     1.00000,     1.00000,     0.54000,     1.38000,     0.00000,     0.00000,    91.00000,    98.90000,   101.80868, -9999.90039, -9999.90039,     0.31260,     4.23400,     1.25400
2017,   1,   3,   1,  45,     1.35000,     0.60000,     0.80000,     1.00000,     1.00000,     1.02000,     2.34000,     0.00000,     0.00000,    83.00000,    98.90668,   101.79134, -9999.90039, -9999.90039,     0.31465,     4.23267,     1.19600
2017,   1,   3,   2,   0,     1.37800,     0.60000,     0.60000,     1.00000,     1.00000,     3.30000,     6.39333,     0.00000,     0.60000,    79.00000,    98.94001,   101.75133, -9999.90039, -9999.90039,     0.31816,     4.23133,     1.22600
2017,   1,   3,   2,  15,     1.36600,     0.40000,     0.60000,     1.00000,     1.00000,     1.74000,     3.91333,     0.06000,     0.60000,    51.00000,    99.00000,   101.73200, -9999.90039, -9999.90039,     0.31915,     4.23000,     1.22600
2017,   1,   3,   2,  30,     1.32133,     0.00000,     0.00000,     1.00000,     1.00000,     0.66000,     2.34000,     0.00000,     0.00000,    45.00000,    99.02000,   101.73999, -9999.90039, -9999.90039,     0.32234,     4.22800,     1.17867
2017,   1,   3,   2,  45,     1.38133,     0.20000,     0.20000,     1.00000,     1.00000,     3.78667,     5.90667,     0.06000,     0.72000,    84.00000,    99.13331,   101.71865, -9999.90039, -9999.90039,     0.32387,     4.22467,     1.25867
2017,   1,   3,   3,   0,     1.42400,     0.20000,     0.20000,     1.00000,     1.00000,     4.04000,     6.77333,     0.48000,     1.80667,   100.00000,    99.17332,   101.66134, -9999.90039, -9999.90039,     0.32341,     4.22267,     1.30267
2017,   1,   3,   3,  15,     1.45600,     0.20000,     0.40000,     1.00000,     1.00000,     5.90667,     9.03333,     0.90000,     4.40000,    77.00000,    99.18665,   101.61533, -9999.90039, -9999.90039,     0.32345,     4.22200,     1.34067
2017,   1,   3,   3,  30,     1.49333,     0.00000,     0.00000,     1.00000,     1.00000,     7.50667,    10.18000,     2.46000,     6.46667,   114.00000,    99.28000,   101.60132, -9999.90039, -9999.90039,     0.32438,     4.22200,     1.39133
2017,   1,   3,   3,  45,     1.52733,     0.00000,     0.20000,     1.00000,     1.00000,     7.81333,    11.38000,     3.12667,     7.31333,   100.00000,    99.36668,   101.54533, -9999.90039, -9999.90039,     0.32431,     4.22333,     1.43333
2017,   1,   3,   4,   0,     1.57267,     0.00000,     0.00000,     1.00000,     1.00000,     7.88000,    11.26000,     3.18000,     7.20667,   102.00000,    99.47334,   101.52401, -9999.90039, -9999.90039,     0.32562,     4.21867,     1.49600
2017,   1,   3,   4,  15,     1.59800,     0.20000,     0.20000,     1.00000,     1.00000,     8.23333,    11.20000,     3.30667,     7.12667,   112.00000,    99.43334,   101.47999, -9999.90039, -9999.90039,     0.32624,     4.21867,     1.51533
2017,   1,   3,   4,  30,     1.60200,     0.60000,     0.40000,     1.00000,     1.00000,     8.60000,    11.86000,     3.48000,     7.56000,   115.00000,    99.51333,   101.43334, -9999.90039, -9999.90039,     0.32715,     4.21867,     1.53000
2017,   1,   3,   4,  45,     1.63133,     0.40000,     0.40000,     1.00000,     1.00000,     9.57333,    12.70000,     4.76667,     9.06667,   101.00000,    99.66665,   101.39334, -9999.90039, -9999.90039,     0.32849,     4.21800,     1.58133
2017,   1,   3,   5,   0,     1.67200,     0.40000,     0.60000,     1.00000,     1.00000,     9.22000,    12.82000,     4.88000,     9.75333,   108.00000,    99.64665,   101.37866, -9999.90039, -9999.90039,     0.32916,     4.21733,     1.62133
2017,   1,   3,   5,  15,     1.71533,     0.80000,     0.60000,     1.00000,     1.00000,     9.52000,    12.94000,     5.43333,     9.86667,    97.00000,    99.63998,   101.35332, -9999.90039, -9999.90039,     0.32907,     4.21933,     1.66600
2017,   1,   3,   5,  30,     1.74467,     0.20000,     0.40000,     1.00000,     1.00000,     9.82000,    13.30000,     5.60667,     9.86667,   111.00000,    99.69333,   101.32600, -9999.90039, -9999.90039,     0.32930,     4.21733,     1.70133
2017,   1,   3,   5,  45,     1.77067,     0.40000,     0.40000,     1.00000,     1.00000,     8.30000,    11.30667,     3.90667,     8.04667,   114.00000,    99.70667,   101.31068, -9999.90039, -9999.90039,     0.32953,     4.21733,     1.72867
2017,   1,   3,   6,   0,     1.78067,     0.20000,     0.40000,     1.00000,     1.00000,    10.24000,    13.84000,     5.60667,    10.04000,    93.00000,    99.75333,   101.27334, -9999.90039, -9999.90039,     0.33000,     4.21600,     1.74400
2017,   1,   3,   6,  15,     1.80200,     0.00000,     0.20000,     1.00000,     1.00000,     9.22000,    13.18000,     4.57333,     9.22000,   104.00000,    99.78001,   101.24133, -9999.90039, -9999.90039,     0.33000,     4.21600,     1.77000
2017,   1,   3,   6,  30,     1.72667,     0.20000,     0.00000,     1.00000,     1.00000,     6.82000,    10.35333,     1.56000,     5.49333,    91.00000,    99.84667,   101.20332, -9999.90039, -9999.90039,     0.33000,     4.21667,     1.70400
2017,   1,   3,   6,  45,     1.68867,     0.00000,     0.20000,     1.00000,     1.00000,     5.24667,     8.60000,     0.84000,     3.43333,    72.00000,    99.90002,   101.18935, -9999.90039, -9999.90039,     0.32995,     4.21533,     1.67067
2017,   1,   3,   7,   0,     1.73867,     0.20000,     0.00000,     1.00000,     1.00000,     6.64000,     9.45333,     2.16667,     5.18667,    81.00000,    99.90002,   101.18668, -9999.90039, -9999.90039,     0.33000,     4.21467,     1.72467
2017,   1,   3,   7,  15,     1.83067,     0.00000,     0.20000,     1.00000,     1.00000,     8.30000,    11.38000,     3.42000,     6.64667,   114.00000,    99.90002,   101.18068, -9999.90039, -9999.90039,     0.32972,     4.21400,     1.81733
2017,   1,   3,   7,  30,     1.87867,     0.00000,     0.00000,     1.00000,     1.00000,     6.20667,     8.90667,     0.90000,     3.67333,   107.00000,    99.90002,   101.17667, -9999.90039, -9999.90039,     0.32991,     4.21267,     1.86267
2017,   1,   3,   7,  45,     1.98400,     0.20000,     0.20000,     1.00000,     1.00000,     5.90667,     8.19333,     1.02000,     3.60667,   110.00000,    99.93334,   101.17268, -9999.90039, -9999.90039,     0.33000,     4.21200,     1.97133
2017,   1,   3,   8,   0,     2.04800,     0.20000,     0.20000,     1.00000,     1.00000,     4.62000,     7.13333,     0.12000,     1.68000,   107.00000,    99.98000,   101.16667, -9999.90039, -9999.90039,     0.33000,     4.21267,     2.04533
2017,   1,   3,   8,  15,     2.09267,     0.60000,     0.40000,     2.80000,     1.93333,     4.75333,     7.27333,     0.24000,     1.80000,    79.00000,   100.00000,   101.15001, -9999.90039, -9999.90039,     0.33000,     4.21267,     2.09267
2017,   1,   3,   8,  30,     2.08200,     0.40000,     0.60000,     7.53333,     4.66667,     2.46000,     4.50667,     0.00000,     0.12000,    84.00000,   100.00000,   101.12733, -9999.90039, -9999.90039,     0.33011,     4.21200,     2.08200
2017,   1,   3,   8,  45,     2.01467,     0.20000,     0.40000,    12.80000,     7.86667,     2.70000,     4.62667,     0.00000,     0.06000,    59.00000,    99.96667,   101.11199, -9999.90039, -9999.90039,     0.33000,     4.21600,     2.01000
2017,   1,   3,   9,   0,     2.03333,     0.40000,     0.20000,    16.53333,    11.06667,     1.80000,     4.02667,     0.00000,     0.12000,    24.00000,    99.99333,   101.09266, -9999.90039, -9999.90039,     0.33011,     4.22267,     2.03200
2017,   1,   3,   9,  15,     2.04867,     0.40000,     0.60000,    18.80000,    12.13333,     1.74000,     3.36667,     0.00000,     0.18000,    37.00000,   100.00000,   101.08465, -9999.90039, -9999.90039,     0.33016,     4.23533,     2.04867
2017,   1,   3,   9,  30,     2.05933,     0.40000,     0.40000,    22.93333,    14.93333,     2.82000,     5.48667,     0.00000,     0.36000,    32.00000,    99.99333,   101.07265, -9999.90039, -9999.90039,     0.33048,     4.25067,     2.05867
2017,   1,   3,   9,  45,     2.07533,     0.60000,     0.40000,    29.26667,    19.20000,     1.08000,     2.88000,     0.00000,     0.00000,    49.00000,   100.00000,   101.05201, -9999.90039, -9999.90039,     0.33053,     4.26000,     2.07467
2017,   1,   3,  10,   0,     2.21200,     0.60000,     0.80000,    38.20000,    24.33333,     0.84000,     2.82000,     0.00000,     0.00000,    65.00000,   100.00000,   101.04134, -9999.90039, -9999.90039,     0.33080,     4.28667,     2.20733
2017,   1,   3,  10,  15,     2.26333,     0.20000,     0.40000,    39.73333,    25.73333,     1.44000,     3.84000,     0.00000,     0.00000,    62.00000,   100.00000,   101.02000, -9999.90039, -9999.90039,     0.33059,     4.30600,     2.25867
2017,   1,   3,  10,  30,     2.30533,     0.20000,     0.20000,    42.06667,    26.93333,     4.51333,     7.12667,     0.18000,     1.44000,    88.00000,   100.00000,   100.99065, -9999.90039, -9999.90039,     0.33048,     4.32333,     2.30333
2017,   1,   3,  10,  45,     2.39467,     0.00000,     0.20000,    38.06667,    24.40000,     3.78000,     6.70667,     0.00000,     0.54000,    91.00000,   100.00000,   100.95933, -9999.90039, -9999.90039,     0.33064,     4.33267,     2.39467
2017,   1,   3,  11,   0,     2.50133,     0.40000,     0.40000,    45.80000,    29.40000,     6.40000,     9.33333,     1.14000,     3.72667,    90.00000,   100.00000,   100.91734, -9999.90039, -9999.90039,     0.33064,     4.34667,     2.50067
2017,   1,   3,  11,  15,     2.63267,     0.20000,     0.20000,    43.46667,    27.86667,     8.25333,    11.56000,     3.24000,     7.19333,   101.00000,   100.00000,   100.86732, -9999.90039, -9999.90039,     0.33059,     4.35200,     2.63267
2017,   1,   3,  11,  30,     2.67933,     0.00000,     0.00000,    38.60000,    24.66667,     4.17333,     6.70667,     0.90000,     2.71333,   100.00000,   100.00000,   100.83666, -9999.90039, -9999.90039,     0.33011,     4.35200,     2.67933
2017,   1,   3,  11,  45,     2.70200,     0.40000,     0.20000,    42.00000,    27.06667,     4.45333,     6.77333,     0.60000,     2.34000,    79.00000,   100.00000,   100.81335, -9999.90039, -9999.90039,     0.33032,     4.35667,     2.70200
2017,   1,   3,  12,   0,     2.69467,     0.00000,     0.00000,    46.53333,    29.86667,     4.99333,     7.75333,     0.42000,     2.28667,    81.00000,   100.00000,   100.77067, -9999.90039, -9999.90039,     0.33005,     4.36867,     2.69467
2017,   1,   3,  12,  15,     2.77333,     0.00000,     0.00000,    53.46667,    34.33333,     5.00667,     7.92667,     0.90000,     3.08000,    80.00000,   100.00000,   100.73399, -9999.90039, -9999.90039,     0.33005,     4.37267,     2.77333
2017,   1,   3,  12,  30,     2.82867,     0.00000,     0.20000,    66.46667,    42.46667,     4.08667,     6.94667,     0.24000,     1.38000,    77.00000,   100.00000,   100.69068, -9999.90039, -9999.90039,     0.33000,     4.37800,     2.82867
2017,   1,   3,  12,  45,     2.91333,     0.00000,     0.00000,    71.40000,    45.66667,     3.96667,     7.58000,     0.30000,     2.40667,    87.00000,   100.00000,   100.64867, -9999.90039, -9999.90039,     0.33005,     4.36933,     2.91333
2017,   1,   3,  13,   0,     2.99200,     0.00000,     0.00000,    51.06667,    32.86666,     1.20000,     3.36000,     0.00000,     0.24000,    58.00000,   100.00000,   100.64134, -9999.90039, -9999.90039,     0.33016,     4.37067,     2.99200
2017,   1,   3,  13,  15,     2.97600,     0.00000,     0.00000,    39.86666,    25.46667,     0.54000,     2.04000,     0.00000,     0.00000,    42.00000,   100.00000,   100.62934, -9999.90039, -9999.90039,     0.33011,     4.37000,     2.97600
2017,   1,   3,  13,  30,     2.90667,     0.00000,     0.00000,    34.46667,    22.60000,     0.24000,     1.32000,     0.00000,     0.00000,    55.00000,   100.00000,   100.60332, -9999.90039, -9999.90039,     0.33000,     4.36333,     2.90667
2017,   1,   3,  13,  45,     2.80600,     0.00000,     0.00000,    29.53333,    19.46667,     0.78000,     2.28000,     0.00000,     0.06000,    34.00000,   100.00000,   100.58332, -9999.90039, -9999.90039,     0.33000,     4.35733,     2.80600
2017,   1,   3,  14,   0,     2.72600,     0.00000,     0.00000,    25.86667,    16.93333,     1.14000,     2.94000,     0.00000,     0.00000,    28.00000,   100.00000,   100.57066, -9999.90039, -9999.90039,     0.33000,     4.35000,     2.72600
2017,   1,   3,  14,  15,     2.53800,     0.00000,     0.00000,    24.40000,    16.20000,     1.80000,     3.90000,     0.00000,     0.18000,     0.00000,   100.00000,   100.55135, -9999.90039, -9999.90039,     0.33000,     4.34467,     2.53800
2017,   1,   3,  14,  30,     2.52200,     0.00000,     0.00000,    23.80000,    16.20000,     3.60000,     6.27333,     0.12000,     1.50000,    24.00000,   100.00000,   100.52534, -9999.90039, -9999.90039,     0.33000,     4.34133,     2.52200
2017,   1,   3,  14,  45,     2.40600,     0.60000,     0.60000,    28.26667,    17.93333,     1.74000,     4.45333,     0.00000,     0.48000,    35.00000,   100.00000,   100.50533, -9999.90039, -9999.90039,     0.33053,     4.34333,     2.40600
2017,   1,   3,  15,   0,     2.42733,     0.60000,     0.60000,    32.06667,    19.93333,     1.86000,     4.76000,     0.06000,     0.78000,    32.00000,   100.00000,   100.49332, -9999.90039, -9999.90039,     0.33069,     4.35333,     2.42733
2017,   1,   3,  15,  15,     2.44800,     0.00000,     0.40000,    31.46667,    19.33333,     1.50000,     4.08667,     0.00000,     0.00000,    39.00000,   100.00000,   100.47932, -9999.90039, -9999.90039,     0.33048,     4.35267,     2.44800
2017,   1,   3,  15,  30,     2.41867,     0.20000,     0.00000,    25.73333,    15.86667,     1.98000,     4.62667,     0.00000,     0.48000,    59.00000,   100.00000,   100.45466, -9999.90039, -9999.90039,     0.33011,     4.34933,     2.41800
2017,   1,   3,  15,  45,     2.34733,     0.20000,     0.20000,    19.53333,    11.53333,     4.50667,     7.60667,     0.42000,     2.52000,    81.00000,   100.00000,   100.41202, -9999.90039, -9999.90039,     0.33027,     4.33667,     2.34400
2017,   1,   3,  16,   0,     2.34733,     0.40000,     0.40000,    13.20000,     7.93333,     3.54000,     6.16000,     0.36000,     1.92000,    65.00000,   100.00000,   100.39868, -9999.90039, -9999.90039,     0.33016,     4.32067,     2.34467
2017,   1,   3,  16,  15,     2.28933,     0.20000,     0.20000,     7.46667,     4.66667,     1.08000,     3.06000,     0.00000,     0.06000,    86.00000,   100.00000,   100.40535, -9999.90039, -9999.90039,     0.33011,     4.30733,     2.28667
2017,   1,   3,  16,  30,     2.17600,     0.20000,     0.40000,     4.33333,     2.80000,     3.24000,     5.54000,     0.00000,     0.78000,   351.00000,   100.00000,   100.37733, -9999.90039, -9999.90039,     0.33021,     4.29200,     2.17267
2017,   1,   3,  16,  45,     2.19800,     0.20000,     0.20000,     2.06667,     1.26667,     1.56000,     3.06000,     0.00000,     0.00000,    18.00000,   100.00000,   100.36666, -9999.90039, -9999.90039,     0.33005,     4.28400,     2.19467
2017,   1,   3,  17,   0,     2.15800,     0.00000,     0.00000,     1.00000,     1.00000,     0.84000,     2.58000,     0.00000,     0.12000,    34.00000,   100.00000,   100.36600, -9999.90039, -9999.90039,     0.33000,     4.28067,     2.15200
2017,   1,   3,  17,  15,     2.08800,     0.00000,     0.00000,     1.00000,     1.00000,     1.20000,     3.00000,     0.00000,     0.06000,    21.00000,   100.00000,   100.37733, -9999.90039, -9999.90039,     0.33000,     4.27267,     2.08533
2017,   1,   3,  17,  30,     1.97200,     0.00000,     0.00000,     1.00000,     1.00000,     0.00000,     0.24000,     0.00000,     0.00000,   340.00000,   100.00000,   100.37133, -9999.90039, -9999.90039,     0.33000,     4.27200,     1.96933
2017,   1,   3,  17,  45,     1.82200,     0.00000,     0.00000,     1.00000,     1.00000,     0.54000,     1.38000,     0.00000,     0.00000,   340.00000,   100.00000,   100.35666, -9999.90039, -9999.90039,     0.33000,     4.26800,     1.82067
2017,   1,   3,  18,   0,     1.74800,     0.00000,     0.00000,     1.00000,     1.00000,     0.06000,     0.48000,     0.00000,     0.00000,   340.00000,   100.00000,   100.33533, -9999.90039, -9999.90039,     0.33000,     4.26600,     1.74600
2017,   1,   3,  18,  15,     1.76733,     0.00000,     0.00000,     1.00000,     1.00000,     0.42000,     1.38000,     0.00000,     0.00000,   340.00000,   100.00000,   100.33798, -9999.90039, -9999.90039,     0.33005,     4.26267,     1.76733
2017,   1,   3,  18,  30,     1.67333,     0.00000,     0.00000,     1.00000,     1.00000,     0.00000,     0.36000,     0.00000,     0.00000,   316.00000,   100.00000,   100.33533, -9999.90039, -9999.90039,     0.33027,     4.25733,     1.67000
2017,   1,   3,  18,  45,     1.60667,     0.20000,     0.20000,     1.00000,     1.00000,     0.06000,     1.14000,     0.00000,     0.00000,   316.00000,   100.00000,   100.33199, -9999.90039, -9999.90039,     0.33048,     4.25267,     1.60467
2017,   1,   3,  19,   0,     1.47200,     0.40000,     0.40000,     1.00000,     1.00000,     0.06000,     1.14000,     0.00000,     0.00000,   314.00000,   100.00000,   100.32732, -9999.90039, -9999.90039,     0.33080,     4.25400,     1.47000
2017,   1,   3,  19,  15,     1.44000,     0.00000,     0.00000,     1.00000,     1.00000,     0.00000,     0.00000,     0.00000,     0.00000,   314.00000,   100.00000,   100.29867, -9999.90039, -9999.90039,     0.33080,     4.24933,     1.43733
2017,   1,   3,  19,  30,     1.37267,     0.20000,     0.00000,     1.00000,     1.00000,     0.12000,     1.26000,     0.00000,     0.00000,   314.00000,   100.00000,   100.26333, -9999.90039, -9999.90039,     0.33080,     4.24933,     1.37067
2017,   1,   3,  19,  45,     1.50467,     0.00000,     0.00000,     1.00000,     1.00000,     0.60000,     1.92000,     0.00000,     0.00000,   314.00000,   100.00000,   100.23132, -9999.90039, -9999.90039,     0.33075,     4.24867,     1.50133
2017,   1,   3,  20,   0,     1.46867,     0.00000,     0.00000,     1.00000,     1.00000,     0.12000,     0.54000,     0.00000,     0.00000,   321.00000,   100.00000,   100.20799, -9999.90039, -9999.90039,     0.33069,     4.24867,     1.46533
2017,   1,   3,  20,  15,     1.22200,     0.00000,     0.00000,     1.00000,     1.00000,     0.72000,     1.32000,     0.00000,     0.00000,   321.00000,   100.00000,   100.18269, -9999.90039, -9999.90039,     0.33064,     4.24667,     1.22000
2017,   1,   3,  20,  30,     1.23667,     0.00000,     0.00000,     1.00000,     1.00000,     0.30000,     1.14000,     0.00000,     0.00000,   321.00000,   100.00000,   100.16602, -9999.90039, -9999.90039,     0.33075,     4.24533,     1.23533
2017,   1,   3,  20,  45,     1.17400,     0.00000,     0.00000,     1.00000,     1.00000,     0.12000,     1.44000,     0.00000,     0.00000,   306.00000,   100.00000,   100.17001, -9999.90039, -9999.90039,     0.33075,     4.24333,     1.16933
2017,   1,   3,  21,   0,     1.13000,     0.00000,     0.00000,     1.00000,     1.00000,     0.06000,     0.54000,     0.00000,     0.00000,   291.00000,   100.00000,   100.15134, -9999.90039, -9999.90039,     0.33075,     4.24133,     1.12467
2017,   1,   3,  21,  15,     1.00067,     0.00000,     0.00000,     1.00000,     1.00000,     0.36000,     1.32000,     0.00000,     0.00000,   298.00000,   100.00000,   100.10465, -9999.90039, -9999.90039,     0.33080,     4.24000,     0.99800
2017,   1,   3,  21,  30,     1.00333,     0.00000,     0.00000,     1.00000,     1.00000,     0.18000,     0.72000,     0.00000,     0.00000,   307.00000,   100.00000,   100.10265, -9999.90039, -9999.90039,     0.33080,     4.23867,     1.00200
2017,   1,   3,  21,  45,     1.04267,     0.00000,     0.00000,     1.00000,     1.00000,     0.30000,     1.26000,     0.00000,     0.06000,   302.00000,   100.00000,   100.09265, -9999.90039, -9999.90039,     0.33089,     4.23467,     1.03867
2017,   1,   3,  22,   0,     1.05933,     0.00000,     0.00000,     1.00000,     1.00000,     0.00000,     0.24000,     0.00000,     0.00000,   293.00000,   100.00000,   100.06866, -9999.90039, -9999.90039,     0.33127,     4.23533,     1.05733
2017,   1,   3,  22,  15,     1.05333,     0.00000,     0.00000,     1.00000,     1.00000,     0.06000,     0.60000,     0.00000,     0.00000,   293.00000,   100.00000,   100.06865, -9999.90039, -9999.90039,     0.33150,     4.23200,     1.05200
2017,   1,   3,  22,  30,     1.12467,     0.00000,     0.00000,     1.00000,     1.00000,     0.24000,     1.68000,     0.00000,     0.00000,   267.00000,   100.00000,   100.10532, -9999.90039, -9999.90039,     0.33150,     4.23000,     1.12467
2017,   1,   3,  22,  45,     1.21067,     0.00000,     0.00000,     1.00000,     1.00000,     0.36000,     2.28000,     0.00000,     0.12000,   277.00000,   100.00000,   100.11133, -9999.90039, -9999.90039,     0.33155,     4.22733,     1.20267
2017,   1,   3,  23,   0,     1.19400,     0.00000,     0.00000,     1.00000,     1.00000,     0.00000,     0.48000,     0.00000,     0.00000,   277.00000,   100.00000,   100.07267, -9999.90039, -9999.90039,     0.33164,     4.22533,     1.18933
2017,   1,   3,  23,  15,     1.16400,     0.00000,     0.00000,     1.00000,     1.00000,     0.06000,     0.36000,     0.00000,     0.00000,   277.00000,   100.00000,   100.03734, -9999.90039, -9999.90039,     0.33178,     4.22333,     1.16333
2017,   1,   3,  23,  30,     1.18600,     0.00000,     0.00000,     1.00000,     1.00000,     0.06000,     0.78000,     0.00000,     0.00000,   277.00000,   100.00000,   100.02001, -9999.90039, -9999.90039,     0.33201,     4.22467,     1.18200
2017,   1,   3,  23,  45,     1.22400,     0.00000,     0.00000,     1.00000,     1.00000,     1.08000,     3.84667,     0.06000,     0.90000,   275.00000,   100.00000,   100.02335, -9999.90039, -9999.90039,     0.33211,     4.22067,     1.22067
2017,   1,   4,   0,   0,     1.24333,     0.00000,     0.00000,     1.00000,     1.00000,     2.52000,     5.30667,     0.24000,     1.74000,   295.00000,   100.00000,   100.02402, -9999.90039, -9999.90039,     0.33206,     4.21933,     1.24067
2017,   1,   4,   0,  15,     1.33867,     0.00000,     0.00000,     1.00000,     1.00000,     3.78000,     7.43333,     0.78000,     4.03333,   257.00000,   100.00000,   100.02534, -9999.90039, -9999.90039,     0.33215,     4.21867,     1.33667
2017,   1,   4,   0,  30,     1.49600,     0.00000,     0.20000,     1.00000,     1.00000,     4.26667,     8.29333,     0.90000,     4.16000,   256.00000,   100.00000,   100.00933, -9999.90039, -9999.90039,     0.33220,     4.21867,     1.49200
2017,   1,   4,   0,  45,     1.65533,     0.00000,     0.00000,     1.00000,     1.00000,     4.45333,     9.02000,     1.20000,     4.81333,   263.00000,   100.00000,    99.99533, -9999.90039, -9999.90039,     0.33220,     4.21800,     1.65267
2017,   1,   4,   1,   0,     1.78333,     0.00000,     0.00000,     1.00000,     1.00000,     5.28667,     9.57333,     2.04000,     6.89333,   261.00000,   100.00000,    99.98732, -9999.90039, -9999.90039,     0.33220,     4.22000,     1.78333
2017,   1,   4,   1,  15,     1.81067,     0.00000,     0.00000,     1.00000,     1.00000,     7.18667,    13.73333,     3.67333,    10.20667,   246.00000,   100.00000,    99.98066, -9999.90039, -9999.90039,     0.33220,     4.21800,     1.81067
2017,   1,   4,   1,  30,     1.75733,     0.00000,     0.00000,     1.00000,     1.00000,     7.87333,    14.68000,     4.74667,    11.50000,   274.00000,   100.00000,    99.98866, -9999.90039, -9999.90039,     0.33220,     4.21800,     1.75733
2017,   1,   4,   1,  45,     1.66067,     0.00000,     0.00000,     1.00000,     1.00000,     8.64000,    15.78000,     5.80667,    12.02667,   284.00000,   100.00000,    99.99199, -9999.90039, -9999.90039,     0.33215,     4.21667,     1.65733
2017,   1,   4,   2,   0,     1.51467,     0.00000,     0.00000,     1.00000,     1.00000,     8.90667,    16.38667,     6.10000,    13.96000,   264.00000,   100.00000,   100.00134, -9999.90039, -9999.90039,     0.33220,     4.21667,     1.50933
2017,   1,   4,   2,  15,     1.44667,     0.00000,     0.00000,     1.00000,     1.00000,     9.86000,    17.70000,     6.90000,    13.71333,   271.00000,   100.00000,   100.02869, -9999.90039, -9999.90039,     0.33220,     4.21600,     1.44400
2017,   1,   4,   2,  30,     1.37533,     0.00000,     0.00000,     1.00000,     1.00000,     8.34667,    15.77333,     5.44000,    13.48667,   279.00000,   100.00000,   100.03800, -9999.90039, -9999.90039,     0.33220,     4.21533,     1.37400
